Entity,Total Prevalence,Tracking Prevalence,Non-tracking Prevalence
"Google LLC",0.852,0.767,0.0846
"Facebook, Inc.",0.214,0.2,0.0142
"Amazon Technologies, Inc.",0.195,0.104,0.0915
"Cloudflare, Inc.",0.12,0.0734,0.0462
"Adobe Inc.",0.107,0.071,0.0362
"Hotjar Ltd",0.0935,0.0901,0.00338
"WarnerMedia, LLC",0.0886,0.0725,0.0161
"Microsoft Corporation",0.0866,0.0741,0.0125
"Oracle Corporation",0.0755,0.056,0.0195
"Twitter, Inc.",0.074,0.062,0.012
"Quantcast Corporation",0.0725,0.0684,0.00409
"StackPath, LLC",0.0704,0.00593,0.0645
"The Trade Desk Inc",0.0685,0.0526,0.016
"Index Exchange, Inc.",0.0673,0.05,0.0173
"comScore, Inc",0.0673,0.0612,0.00614
"Akamai Technologies",0.0631,0.0349,0.0282
"The Rubicon Project, Inc.",0.0603,0.0251,0.0352
"PubMatic, Inc.",0.059,0.0446,0.0144
"New Relic",0.0582,0.0522,0.00604
"IAB Europe",0.054,0.04,0.014
"Criteo SA",0.0523,0.0322,0.0201
"OneTrust LLC",0.0516,0.0514,0.000205
"LiveRamp",0.0514,0.0204,0.031
"OpenX Technologies Inc",0.0507,0.0445,0.00624
"Prospect One",0.0501,0.0192,0.0309
"Verizon Media",0.0433,0.0331,0.0101
"Automattic, Inc.",0.0382,0.0225,0.0157
"Cybot ApS",0.0368,0.0357,0.00113
"Fastly, Inc.",0.0357,0.0179,0.0178
"Fonticons Inc",0.0345,0.0117,0.0228
"ExoClick, S.L.",0.0344,0.0335,0.000921
"MediaMath, Inc.",0.0338,0.0298,0.00399
"Adform A/S",0.0312,0.0241,0.00706
"LinkedIn Corporation",0.0311,0.0296,0.00153
"Pinterest, Inc.",0.0305,0.0268,0.00368
"IPONWEB GmbH",0.0297,0.0215,0.00818
"Lotame Solutions, Inc.",0.0295,0.0265,0.00297
"Yandex LLC",0.0293,0.0285,0.000716
"Sovrn Holdings",0.0283,0.0257,0.00266
"OpenJS Foundation",0.0277,0.0162,0.0116
"Salesforce.com, Inc.",0.0267,0.0228,0.00389
"The Nielsen Company",0.0253,0.0183,0.00696
"Taboola, Inc.",0.0245,0.0182,0.00624
"Neustar, Inc.",0.0244,0.0222,0.00215
"OneSignal",0.0217,0.0215,0.000205
"Tealium Inc.",0.0206,0.0196,0.000921
"Outbrain",0.0201,0.0141,0.00593
"Wingify",0.019,0.0173,0.00174
"RhythmOne",0.0182,0.0107,0.00747
"33Across, Inc.",0.0181,0.011,0.00706
"Amobee, Inc",0.0181,0.0138,0.0043
"Smartadserver S.A.S",0.0175,0.0132,0.0043
"ID5 Technology Ltd",0.0174,0.00767,0.00972
"BongaCams",0.0168,0.0106,0.00614
"Beeswax",0.0166,0.0146,0.00194
"SpotX, Inc.",0.0166,0.0143,0.00225
"unpkg",0.0165,0.00327,0.0132
"Xaxis",0.0163,0.00512,0.0112
"Chartbeat",0.0158,0.0135,0.00225
"ShareThis, Inc",0.0157,0.0045,0.0112
"OOO ECO PC - Complex Solutions",0.0153,0.0145,0.000818
"DataXu",0.0148,0.0131,0.00174
"Pulsepoint, Inc.",0.0147,0.0124,0.00235
"Trustpilot A/S",0.0144,0.0113,0.00317
"TripleLift",0.0143,0.0109,0.00338
"Awin AG",0.0143,0.0114,0.00297
"The Financial Times Limited",0.0142,0,0.0142
"Simplifi Holdings Inc.",0.0139,0.0122,0.00174
"Zendesk, Inc.",0.0138,0.0124,0.00143
"Optimizely, Inc.",0.0135,0.0113,0.00225
"OnAudience Ltd.",0.0131,0.0114,0.00174
"Tapad, Inc.",0.013,0.0116,0.00143
"Teads ( Luxenbourg ) SA",0.0129,0.00276,0.0101
"The Rocket Science Group, LLC",0.0128,0.00419,0.00859
"Centro, Inc.",0.0126,0.0107,0.00184
"Integral Ad Science, Inc.",0.0123,0.00563,0.00665
"Engine USA LLC",0.0122,0.00409,0.00808
"RTB House S.A.",0.0121,0.00952,0.00256
"Semasio GmbH",0.0116,0.0101,0.00143
"Gemius S.A.",0.0115,0.00358,0.00788
"GumGum",0.0113,0.00972,0.00153
"Crazy Egg, Inc.",0.011,0.00716,0.00389
"Delta Projects AB",0.0109,0.00972,0.00123
"Skimbit LTD",0.0107,0.00952,0.00123
"Traffic Stars",0.0106,0.0101,0.000512
"Improve Digital BV",0.0106,0.00992,0.000716
"Collective Roll",0.0104,0.00645,0.00399
"Blockthrough Inc.",0.0103,0.00972,0.000614
"Vimeo, LLC",0.0103,0.00696,0.00338
"Fifty Technology Limited",0.0102,0.009,0.00123
"Merkle Inc",0.0102,0,0.0102
"Conversant LLC",0.0101,0.000716,0.00941
"Parsely, Inc.",0.00992,0.00859,0.00133
"Unruly Group Limited",0.00982,0.00757,0.00225
"Zeta Global",0.00941,0.00839,0.00102
"Retyp LLC",0.00931,0.0089,0.000409
"MindGeek",0.00931,0.00798,0.00133
"Usabilla B.V.",0.00921,0.00818,0.00102
"Disqus, Inc.",0.009,0.00123,0.00778
"Bombora Inc.",0.0089,0.00808,0.000818
"DTS Technology",0.0088,0.00849,0.000307
"Chaturbate, LLC",0.0087,0.00849,0.000205
"WordPress Foundation",0.00849,0,0.00849
"TrustArc Inc.",0.00849,0.00716,0.00133
"wisecode s.r.l.",0.00829,0.00798,0.000307
"Media.net Advertising FZ-LLC",0.00818,0.00645,0.00174
"Piano Software",0.00818,0.00778,0.000409
"Virtual Minds AG",0.00808,0.00573,0.00235
"eyeota Limited",0.00798,0.00757,0.000409
"ActiveCampaign, Inc.",0.00798,0.00788,0.000102
"AddToAny",0.00788,0.00757,0.000307
"BlueConic, Inc.",0.00788,0.00747,0.000409
"StatCounter",0.00778,0.00778,0
"ReadSpeaker Holding BV",0.00778,0.00512,0.00266
"AdGear Technologies Inc.",0.00767,0,0.00767
"Functional Software, Inc.",0.00747,0.00297,0.0045
"LiveIntent Inc.",0.00737,0.00706,0.000307
"Ad Lightning, Inc.",0.00737,0.00716,0.000205
"Segment.io, Inc.",0.00737,0.00563,0.00174
"Monotype Imaging Inc.",0.00726,0.000818,0.00645
"MyFonts Inc.",0.00726,0,0.00726
"HubSpot, Inc.",0.00716,0.00696,0.000205
"Trusted Shops GmbH",0.00716,0.00665,0.000512
"FreeWheel",0.00696,0.00685,0.000102
"AT Internet",0.00696,0.00532,0.00164
"Permutive, Inc.",0.00675,0.00614,0.000614
"Ensighten, Inc",0.00665,0.00614,0.000512
"Synacor, Inc.",0.00655,0.00573,0.000818
"Snap Inc.",0.00655,0.00634,0.000205
"Ezoic Inc.",0.00645,0.00634,0.000102
"Contentful GmbH",0.00645,0,0.00645
"KBM Group LLC",0.00634,0.00522,0.00113
"Innovid Media",0.00634,0.00593,0.000409
"District M Inc.",0.00634,0.00604,0.000307
"Doggybites bvba",0.00634,0.00409,0.00225
"TradeTracker FZ-LLC",0.00614,0.00307,0.00307
"Sooqr",0.00614,0.00604,0.000102
"Pingdom AB",0.00604,0.00552,0.000512
"Reddit Inc.",0.00593,0.00542,0.000512
"Nativo, Inc",0.00583,0.00481,0.00102
"Exponential Interactive Inc.",0.00583,0.00501,0.000818
"ORC International",0.00573,0.00266,0.00307
"webclicks24.com",0.00573,0.00246,0.00327
"Siteimprove A/S",0.00573,0.00573,0
"LongTail Ad Solutions, Inc.",0.00563,0.00491,0.000716
"Sourcepoint Technologies Inc",0.00563,0.00409,0.00153
"Lightspeed Netherlands B.V.",0.00563,0.00563,0
"Adelphic, Inc.",0.00552,0.00379,0.00174
"Quora",0.00532,0.00276,0.00256
"Gigya Inc",0.00532,0.00522,0.000102
"Sharethrough, Inc.",0.00522,0.00184,0.00338
"Qualtrics, LLC",0.00522,0.00491,0.000307
"Bounce Exchange",0.00522,0.00481,0.000409
"BunnyCDN",0.00512,0.00133,0.00379
"Stripe, Inc",0.00512,0.00481,0.000307
"Sonobi, Inc",0.00512,0.0044,0.000716
"INFOnline GmbH",0.00512,0.00512,0
"Crownpeak Technology",0.00501,0.00348,0.00153
"Rijksoverheid",0.00501,0.0046,0.000409
"BuySellAds",0.00491,0.00246,0.00246
"Cloudinary Ltd",0.00491,0,0.00491
"Bol.com B.V.",0.00491,0.000614,0.0043
"Adscore Technologies DMCC",0.00481,0.00471,0.000102
"AdPilot",0.00481,0.00399,0.000818
"Zeotap GmbH",0.00481,0.0043,0.000512
"OneTag Limited",0.00481,0,0.00481
"Brightcove, Inc.",0.00471,0.00368,0.00102
"Zebrafish Labs",0.00471,0.000102,0.0046
"proinity GmbH",0.0046,0.00133,0.00327
"Trengo",0.0046,0.0045,0.000102
"Bidtellect, Inc",0.0045,0.000205,0.0043
"Prebid.org",0.0045,0.00246,0.00205
"Supership Inc",0.0045,0,0.0045
"GetWebCraft Limited",0.0045,0.00338,0.00113
"Amplitude",0.0044,0.00246,0.00194
"BidTheatre AB",0.0044,0.00317,0.00123
"GitHub, Inc.",0.0044,0.00133,0.00307
"Demandbase, Inc.",0.0044,0.00276,0.00164
"Survata, Inc.",0.0043,0,0.0043
"Avocet Systems Ltd.",0.0043,0.00379,0.000512
"Clickagy",0.0043,0,0.0043
"Bugsnag Inc.",0.0043,0,0.0043
"DTG B.V.",0.0043,0.000102,0.00419
"Mail.Ru Group, OOO",0.00419,0.00307,0.00113
"PayPal, Inc.",0.00399,0.00246,0.00153
"Telaria",0.00399,0,0.00399
"JustPremium",0.00399,0.00348,0.000512
"Impact",0.00399,0.00368,0.000307
"AdRoll, Inc.",0.00379,0.00235,0.00143
"Imgur, Inc.",0.00368,0,0.00368
"JuicyAds",0.00368,0.00307,0.000614
"whos.amung.us Inc",0.00368,0.00348,0.000205
"LiveChat Inc",0.00368,0.00368,0
"Robin Software B.V.",0.00368,0,0.00368
"Platform161",0.00358,0.00307,0.000512
"PLAYGROUND XYZ",0.00358,0.00266,0.000921
"AdThrive, LLC",0.00358,0.00358,0
"Acceptable Ads Exchange",0.00358,0.00338,0.000205
"Sailthru, Inc",0.00358,0.00297,0.000614
"Mixpanel, Inc.",0.00358,0.00256,0.00102
"21 Productions",0.00348,0.00317,0.000307
"Relay42 Technology B.V.",0.00348,0.00246,0.00102
"Shareaholic Inc",0.00338,0.000716,0.00266
"iubenda s.r.l.",0.00338,0.00276,0.000614
"Intercom",0.00338,0.00338,0
"Mouseflow",0.00338,0.00164,0.00174
"Algolia Inc",0.00338,0.000102,0.00327
"Branch Metrics, Inc.",0.00338,0.00317,0.000205
"Throtle",0.00327,0.00256,0.000716
"SSP Network Ltd",0.00327,0.00276,0.000512
"Piwik PRO Sp. z o.o.",0.00327,0.00286,0.000409
"Creative Commons",0.00317,0.00297,0.000205
"Venatus Media Limited",0.00317,0.00215,0.00102
"Ströer Group",0.00317,0.00276,0.000409
"AudienceProject",0.00307,0.000205,0.00286
"Cint AB",0.00307,0,0.00307
"Refsnes Data",0.00307,0,0.00307
"MGID Inc",0.00307,0.00307,0
"Discord, Inc.",0.00307,0.00307,0
"iSpot.tv",0.00307,0.00225,0.000818
"cyon GmbH",0.00297,0.00286,0.000102
"ContentSquare",0.00297,0.00286,0.000102
"Inmar, Inc.",0.00286,0.00215,0.000716
"Mediavine, Inc.",0.00286,0.00276,0.000102
"Webtrekk GmbH",0.00286,0.00235,0.000512
"Verizon",0.00286,0.00205,0.000818
"A.Mob SAS",0.00286,0.00225,0.000614
"CatchPoint Systems Inc",0.00276,0.00246,0.000307
"ByteDance Ltd.",0.00276,0.00276,0
"Roxr Software Ltd",0.00276,0.00266,0.000102
"GetIntent",0.00266,0.00256,0.000102
"JSC ADFACT",0.00266,0.00246,0.000205
"Weborama",0.00266,0.00246,0.000205
"CacheNetworks, LLC",0.00266,0.00205,0.000614
"mediarithmics SAS",0.00266,0.00174,0.000921
"Adkernel, LLC",0.00256,0,0.00256
"Undertone Networks",0.00256,0.00133,0.00123
"Captify Technologies Ltd.",0.00256,0.00215,0.000409
"PerimeterX, Inc.",0.00256,0.000921,0.00164
"YieldMo, Inc.",0.00246,0.000921,0.00153
"Retail Rocket",0.00246,0.00246,0
"DataCamp Limited",0.00246,0.000205,0.00225
"CleverDATA LLC",0.00235,0.00205,0.000307
"Sumo Group",0.00235,0.00225,0.000102
"gskinner",0.00235,0.00205,0.000307
"Digioh, LLC",0.00235,0.00235,0
"Kizitos Holding B.V.",0.00235,0.00225,0.000102
"Shopify Inc.",0.00235,0.00225,0.000102
"Sharpspring Inc",0.00225,0.00205,0.000205
"Kargo Global, Inc.",0.00225,0.000102,0.00215
"ADman Media",0.00225,0.00174,0.000512
"Apple Inc.",0.00225,0.000512,0.00174
"DoubleVerify",0.00225,0.00123,0.00102
"AcuityAds",0.00225,0.00174,0.000512
"Adtelligent Inc.",0.00225,0.00164,0.000614
"AdSpyglass",0.00225,0.00143,0.000818
"Flashtalking Inc",0.00225,0.00184,0.000409
"Digital Millennium Copyright Act Services Ltd.",0.00215,0,0.00215
"Swiftype, Inc.",0.00215,0.00143,0.000716
"Tremor Video DSP",0.00215,0.00194,0.000205
"Wikimedia Foundation, Inc.",0.00215,0.000512,0.00164
"Pushly",0.00215,0.00164,0.000512
"Keywee",0.00215,0.00194,0.000205
"Consumable, Inc.",0.00215,0.00184,0.000307
"SpringServe, LLC",0.00215,0.00184,0.000307
"Browser Update",0.00215,0.00205,0.000102
"Bazaarvoice, Inc.",0.00215,0.00215,0
"WGCZ a.s.",0.00215,0.000102,0.00205
"DeepIntent Inc",0.00215,0,0.00215
"Snapsort Inc.",0.00205,0.00102,0.00102
"One Media Ltd",0.00205,0.00184,0.000205
"Rakuten, Inc.",0.00205,0.00174,0.000307
"Instana, Inc.",0.00205,0.00194,0.000102
"DigitalOcean, LLC",0.00194,0.000205,0.00174
"P B.V.",0.00194,0.00153,0.000409
"LoopMe Ltd",0.00194,0.00153,0.000409
"Perfect Market, Inc.",0.00194,0.00143,0.000512
"LLC Internest-holding",0.00194,0.000614,0.00133
"ICF Technology, Inc",0.00194,0.00143,0.000512
"Drift.com, Inc.",0.00194,0.00184,0.000102
"ANIVIEW LTD",0.00194,0.00153,0.000409
"Smaato Inc.",0.00194,0,0.00194
"CDNWIDGET.COM",0.00194,0.000102,0.00184
"Future Plc",0.00194,0.00164,0.000307
"Klaviyo",0.00194,0.00174,0.000205
"Aidata",0.00184,0.00164,0.000205
"AdTheorent Inc",0.00184,0.000205,0.00164
"Appier",0.00184,0.00123,0.000614
"Connatix",0.00184,0.00164,0.000205
"Heap",0.00184,0.00174,0.000102
"DCN",0.00184,0,0.00184
"Liwio",0.00184,0.00143,0.000409
"Platform Inc.",0.00184,0,0.00184
"Admixer Technologies",0.00174,0.00133,0.000409
"RevContent, LLC",0.00174,0.00164,0.000102
"Cookie Trust Working Group, Inc. DBA Cookie Trust",0.00174,0.000921,0.000818
"WebAds B.V.",0.00174,0,0.00174
"SixMix LLC",0.00174,0.00143,0.000307
"ForeSee Results, Inc.",0.00174,0.00133,0.000409
"Webgains",0.00174,0.00164,0.000102
"Monetate, Inc.",0.00174,0.00174,0
"SoundCloud Ltd.",0.00164,0.000614,0.00102
"DynAdmic",0.00164,0.000614,0.00102
"Alibaba Group",0.00164,0.000307,0.00133
"Forwarder B.V.",0.00164,0.00164,0
"FullStory",0.00164,0.00164,0
"Teroa S.A.",0.00164,0.00143,0.000205
"Adagio",0.00164,0.00153,0.000102
"ClarityAd",0.00164,0,0.00164
"Tweakwise.com B.V.",0.00164,0.000614,0.00102
"trueAnthem Corp",0.00164,0.00153,0.000102
"Sift Science, Inc.",0.00164,0.00164,0
"Airbnb, Inc.",0.00164,0,0.00164
"Atlassian Corporation plc",0.00153,0.000921,0.000614
"Admedo",0.00153,0.00153,0
"Ziff Davis LLC",0.00153,0.00133,0.000205
"Adyoulike",0.00153,0.00123,0.000307
"Beachfront Media LLC",0.00153,0.00123,0.000307
"Social Audience B.V.",0.00153,0.00123,0.000307
"Crimtan Holdings Ltd",0.00153,0.00123,0.000307
"Ravi Trivedi",0.00153,0.00123,0.000307
"Free Stream Media Corp",0.00153,0.00133,0.000205
"Prismic.io Inc.",0.00153,0.000307,0.00123
"RawGit",0.00153,0.000409,0.00113
"IgnitionOne, LLC",0.00153,0.000307,0.00123
"Shappz BV",0.00153,0,0.00153
"Datonics LLC",0.00143,0.000716,0.000716
"Avenue 81, Inc.",0.00143,0.00123,0.000205
"EQ Works",0.00143,0.00123,0.000205
"RuTarget LLC",0.00143,0.00133,0.000102
"ClickTale Ltd",0.00143,0.00123,0.000205
"6 Sense Insights Inc.",0.00143,0.00143,0
"ShowHeroes GmbH",0.00143,0.000921,0.000512
"LockerDome, LLC",0.00143,0.00102,0.000409
"The Hoefler Type Foundry, Inc",0.00143,0,0.00143
"Intergi Entertainment",0.00143,0.00143,0
"ZOHO Corporation",0.00143,0.00123,0.000205
"eSell Solutions Ltd. DBA MonetizeMore",0.00143,0.000614,0.000818
"Unbounce",0.00143,0.00143,0
"Rackspace US, Inc.",0.00143,0.000307,0.00113
"Lucid Holdings, LLC",0.00143,0,0.00143
"Foursquare Labs, Inc.",0.00143,0.00102,0.000409
"NinthDecimal, Inc",0.00143,0.00102,0.000409
"Dynatrace LLC",0.00143,0.00102,0.000409
"Cisco Systems, Inc.",0.00143,0.00143,0
"Emarsys eMarketing Systems AG",0.00143,0.00143,0
"Wistia",0.00133,0.00133,0
"Pusher Ltd",0.00133,0,0.00133
"Dual Technologies Services",0.00133,0.00133,0
"LLC AmberData",0.00133,0.00123,0.000102
"Medallia Inc.",0.00133,0.00133,0
"BlogHer, Inc.",0.00133,0.00133,0
"Civic Computing Limited",0.00133,0.000716,0.000614
"Dynamic Yield",0.00133,0.00133,0
"Baidu, Inc.",0.00133,0.000716,0.000614
"Propeller Ads",0.00133,0.00133,0
"advanced STORE GmbH",0.00133,0.00123,0.000102
"Selligent",0.00133,0.00102,0.000307
"Timzon, LLC",0.00133,0,0.00133
"LivePerson, Inc",0.00133,0.00133,0
"Arbitrage LLC",0.00133,0.00133,0
"EPiServer AB",0.00133,0.00133,0
"Rich Audience Technologies",0.00123,0.000614,0.000614
"Kameleoon",0.00123,0.000921,0.000307
"Blue Billywig bv",0.00123,0.00102,0.000205
"Catamorphic Co.",0.00123,0,0.00123
"Interwebvertising B.V.",0.00123,0.000102,0.00113
"Keen.io LLC",0.00123,0,0.00123
"Proper Media",0.00123,0.00123,0
"Dstillery Inc.",0.00123,0.00102,0.000205
"WebShop Marketing Kft.",0.00113,0.00113,0
"OVERUS SERVICES LIMITED",0.00113,0.000818,0.000307
"Knorex Pte. Ltd.",0.00113,0,0.00113
"4INFO, Inc.",0.00113,0.00113,0
"DMM.com Co.,Ltd",0.00113,0.000818,0.000307
"eBay, Inc.",0.00113,0.000512,0.000614
"JORDAN CLIST",0.00113,0,0.00113
"Limelight Networks, Inc.",0.00113,0.000307,0.000818
"Convert Insights Inc",0.00113,0.000921,0.000205
"Oracle + Dyn",0.00113,0.00113,0
"Auth0, Inc.",0.00113,0.00113,0
"G-Core Innovations S.a.r.l",0.00113,0.000205,0.000921
"Alliance for Audited Media",0.00113,0.000102,0.00102
"Spotify AB",0.00113,0.000921,0.000205
"RTK.IO, Inc",0.00113,0.000512,0.000614
"Olark",0.00113,0.00113,0
"International Business Machines Corporation",0.00113,0.000716,0.000409
"BannerFlow AB",0.00113,0.00113,0
"Optomaton UG (haftungsbeschränkt)",0.00113,0.000921,0.000205
"DOCLER IP S.A R.L.",0.00102,0.000716,0.000307
"Vladimir Fedotov",0.00102,0.00102,0
"TransUnion LLC",0.00102,0.000921,0.000102
"Fjord Technologies",0.00102,0.000921,0.000102
"Forter Inc.",0.00102,0.000921,0.000102
"Meetrics GmbH",0.00102,0.00102,0
"CoBrowser.net B.V.",0.00102,0.000921,0.000102
"MySpace LLC",0.000921,0.000614,0.000307
"Blis Media Limited",0.000921,0.000818,0.000102
"Hybrid Adtech, Inc.",0.000921,0,0.000921
"vwd group Netherlands B.V.",0.000921,0.000512,0.000409
"Rambler Internet Holding, LLC",0.000921,0.000512,0.000409
"TradeDoubler AB",0.000921,0.000512,0.000409
"Barilliance Systems Ltd.",0.000921,0.000921,0
"Médiamétrie",0.000921,0.000921,0
"adality GmbH",0.000921,0,0.000921
"Online Solution Int Ltd",0.000921,0,0.000921
"Coveo Solutions Inc.",0.000921,0.000512,0.000409
"TVSquared",0.000921,0.000818,0.000102
"Qualaroo",0.000921,0.000512,0.000409
"Imperva Inc.",0.000921,0.000921,0
"Nieme Beheer B.V.",0.000921,0.000205,0.000716
"Dynamic Web Source, Inc.",0.000921,0.000614,0.000307
"LinkConnector Corporation",0.000921,0.000921,0
"Synapse Group, Inc.",0.000921,0,0.000921
"Infolink Media LLC",0.000921,0.000921,0
"Purch Group, Inc.",0.000921,0.000921,0
"Yieldlove GmbH",0.000921,0.000818,0.000102
"DATADOME",0.000921,0.000614,0.000307
"Hola Networks Ltd.",0.000921,0.000205,0.000716
"Kenshoo TLD",0.000921,0,0.000921
"Squarespace, Inc",0.000921,0.000409,0.000512
"mParticle, inc",0.000921,0.000818,0.000102
"Quantum Metric Inc.",0.000921,0.000921,0
"riskified",0.000921,0.000716,0.000205
"Benjamin Cahen",0.000921,0.000921,0
"SessionCam Ltd",0.000921,0.000512,0.000409
"Nexstar Media Group",0.000818,0.000716,0.000102
"Sirdata",0.000818,0.000307,0.000512
"Mobiquity Inc.",0.000818,0.000409,0.000409
"Pendo.io, Inc.",0.000818,0.000614,0.000205
"FriendFinder Networks Inc.",0.000818,0.000614,0.000205
"AdButler",0.000818,0.000614,0.000205
"Colossus Media, LLC",0.000818,0.000614,0.000205
"IO Technologies Inc.",0.000818,0.000818,0
"News Limited",0.000818,0.000818,0
"AppendAd LTD",0.000818,0.000716,0.000102
"Hearst Communications",0.000818,0.000409,0.000409
"NAVER Corp",0.000818,0.000614,0.000205
"Searchanise",0.000818,0,0.000818
"Klarna Bank AB",0.000818,0.000205,0.000614
"BloomReach",0.000818,0.000818,0
"Mather Economics",0.000818,0.000614,0.000205
"AppsFlyer",0.000818,0.000818,0
"Braze, Inc.",0.000818,0.000716,0.000102
"Valassis Digital",0.000818,0.000614,0.000205
"Viafoura Inc.",0.000818,0.000818,0
"Smooch Technologies Inc.",0.000818,0.000409,0.000409
"XXXLutz KG",0.000818,0,0.000818
"RichRelevance",0.000818,0.000818,0
"Qualifio SPRL",0.000818,0.000512,0.000307
"Fanhattan LLC",0.000716,0,0.000716
"Underdog Media LLC",0.000716,0.000716,0
"Mobile TeleSystems Public Joint Stock Company",0.000716,0.000716,0
"SAS Institute Inc.",0.000716,0.000512,0.000205
"myTaste Operations AB",0.000716,0.000102,0.000614
"Linehub",0.000716,0.000716,0
"Barilliance Ltd",0.000716,0.000716,0
"Embed.ly Inc",0.000716,0.000614,0.000102
"Leaf Group LTD",0.000716,0,0.000716
"SendPulse Inc",0.000716,0.000409,0.000307
"AdNetwork, LLC",0.000716,0.000716,0
"Portalis BV",0.000716,0.000716,0
"Vanilla Forums",0.000716,0.000716,0
"Decibel Insight Ltd",0.000716,0.000409,0.000307
"ONEALL SARL",0.000716,0.000716,0
"Markit Group Limited",0.000716,0.000409,0.000307
"GEORIOT",0.000716,0,0.000716
"Datadog, Inc.",0.000716,0,0.000716
"TOPlist s.r.o",0.000716,0.000716,0
"Riot Games, Inc.",0.000716,0.000409,0.000307
"Yottaa Inc",0.000716,0.000512,0.000205
"LogMeIn, Inc.",0.000716,0.000512,0.000205
"NSONE Inc",0.000716,0,0.000716
"Data Plus Math",0.000716,0.000614,0.000102
"LoginRadius, Inc.",0.000716,0,0.000716
"Attentive Mobile",0.000716,0,0.000716
"Jivox Corp",0.000716,0.000614,0.000102
"User Zoom, Inc.",0.000716,0.000614,0.000102
"Adnami ApS",0.000716,0.000716,0
"capranger.jp",0.000614,0.000307,0.000307
"Icons8 LLC",0.000614,0,0.000614
"BIGO TECHNOLOGY PTE. LTD.",0.000614,0,0.000614
"DUN & BRADSTREET NETPROSPEX, INC.",0.000614,0.000614,0
"Buzzoola Inc.",0.000614,0.000307,0.000307
"Publishers Revenue Optimization Sp. z o.o.",0.000614,0.000614,0
"PJSC Vympelcom",0.000614,0.000614,0
"CodeProject Solutions Inc.",0.000614,0.000512,0.000102
"Claritas LLC",0.000614,0.000512,0.000102
"SEEDTAG ADVERTISING S.L.",0.000614,0.000614,0
"Zoom Information, Inc.",0.000614,0.000614,0
"WonderPush",0.000614,0.000614,0
"Daniel Zadok",0.000614,0.000307,0.000307
"ZeBestOf",0.000614,0,0.000614
"QuBit Digital Ltd",0.000614,0.000102,0.000512
"Mindscape Limited",0.000614,0.000614,0
"Ve Global UK Limited",0.000614,0.000409,0.000205
"7hops.com Inc.",0.000614,0.000409,0.000205
"Max Lynch",0.000614,0.000614,0
"Giphy LLC",0.000614,0,0.000614
"Vibrant Media Limited",0.000614,0.000614,0
"PowerLinks Media Limited",0.000614,0.000512,0.000102
"Yahoo Japan Corporation",0.000614,0.000512,0.000102
"Terminus",0.000614,0.000512,0.000102
"mfro inc.",0.000614,0.000102,0.000512
"Act-On Software, Inc.",0.000614,0.000409,0.000205
"raw engineering inc",0.000614,0,0.000614
"OpenWeather Ltd",0.000614,0,0.000614
"RELX Group",0.000614,0.000614,0
"Sportradar AG",0.000614,0.000512,0.000102
"PriceSpider (NeuIntel, LLC)",0.000614,0.000409,0.000205
"Yotpo Ltd",0.000614,0.000614,0
"Cross Pixel Media, Inc.",0.000614,0,0.000614
"Adswizz Inc.",0.000614,0.000512,0.000102
"Kibo Software, Inc.",0.000614,0.000512,0.000102
"Digital River, Inc.",0.000614,0.000614,0
"Klevu Oy",0.000614,0.000614,0
"Research Now Limited",0.000614,0,0.000614
"Campaign Monitor Pty Ltd",0.000614,0.000205,0.000409
"MaxMind Inc.",0.000614,0.000512,0.000102
"Movable Ink",0.000614,0.000512,0.000102
"Arcade ICT B.V.",0.000614,0.000614,0
"Conductrics",0.000614,0.000614,0
"CenturyLink, Inc.",0.000614,0.000102,0.000512
"RTL Nederland B.V.",0.000614,0,0.000614
"PrimedIO",0.000614,0.000409,0.000205
"Soluciones Corporativas IP, SL",0.000512,0.000512,0
"Marketizator Friends SRL",0.000512,0,0.000512
"It Concepts",0.000512,0,0.000512
"emetriq GmbH",0.000512,0.000205,0.000307
"PAGELY, INC",0.000512,0.000409,0.000102
"SmugMug, Inc.",0.000512,0,0.000512
"BrightEdge Technologies Inc.",0.000512,0.000409,0.000102
"Sublime Skinz Labs",0.000512,0.000409,0.000102
"Department of Information Technology of Moscow",0.000512,0.000512,0
"Supply Frame, Inc.",0.000512,0.000512,0
"Grand Slam Media Inc",0.000512,0.000409,0.000102
"Chatango LLC.",0.000512,0.000409,0.000102
"Dailymotion SA",0.000512,0.000409,0.000102
"Typeform S.L.",0.000512,0.000512,0
"Complex Media, Inc.",0.000512,0.000512,0
"Roq.ad",0.000512,0.000409,0.000102
"Vidazoo Ltd",0.000512,0.000307,0.000205
"MicroAd, Inc.",0.000512,0.000409,0.000102
"Crisp IM SARL",0.000512,0.000512,0
"The Maven Network, Inc",0.000512,0,0.000512
"Effective Measure International Pty Ltd",0.000512,0.000512,0
"Mapbox Inc.",0.000512,0.000409,0.000102
"ExitReality",0.000512,0.000512,0
"Sabin, Bermant & Gould LLP",0.000512,0.000512,0
"Liberated Syndication",0.000512,0.000307,0.000205
"Janrain",0.000512,0.000512,0
"Patiëntenfederatie Nederland",0.000512,0.000409,0.000102
"SSL Corporation",0.000512,0,0.000512
"Lytics",0.000512,0.000512,0
"Performance Horizon Group",0.000512,0,0.000512
"Elitech Group BV",0.000512,0.000409,0.000102
"StreamTheWorld",0.000512,0.000512,0
"Citrix Systems Inc",0.000512,0.000307,0.000205
"4Cite Marketing",0.000512,0.000409,0.000102
"Equifax Inc.",0.000512,0.000307,0.000205
"Resonate Networks",0.000512,0,0.000512
"G+J Digital Products GmbH",0.000512,0,0.000512
"CPX Interactive",0.000512,0.000409,0.000102
"Blue Triangle Technologies",0.000512,0.000512,0
"Aziz Rahimtoola",0.000409,0.000307,0.000102
"Kakao Corp.",0.000409,0.000205,0.000205
"OpenStreetMap Foundation",0.000409,0,0.000409
"Uitvoeringsorganisatie Bedrijfsvoering Rijk UBR",0.000409,0.000409,0
"SAP SE",0.000409,0.000409,0
"OOO Booster",0.000409,0.000409,0
"Meredith Corporation",0.000409,0.000409,0
"ZAM Network",0.000409,0.000205,0.000205
"Marktplaats B.V.",0.000409,0.000409,0
"Chirpa Holding BV",0.000409,0.000307,0.000102
"Dianomi Ltd",0.000409,0.000409,0
"GG Software LLC",0.000409,0.000409,0
"TechTarget, Inc.",0.000409,0.000409,0
"thePlatform for Media",0.000409,0.000205,0.000205
"Quality Unit LLC",0.000409,0.000307,0.000102
"Extole",0.000409,0,0.000409
"Internet Archive",0.000409,0,0.000409
"NKL s.r.o.",0.000409,0,0.000409
"Quality Nonsense Ltd",0.000409,0,0.000409
"Help Scout Inc.",0.000409,0.000409,0
"Cash Cow Marketing",0.000409,0.000409,0
"i-mobile co. LTD",0.000409,0.000409,0
"Crossref",0.000409,0,0.000409
"Kaltura Inc",0.000409,0.000307,0.000102
"Freshworks Inc",0.000409,0.000307,0.000102
"Springer Nature B.V.",0.000409,0.000307,0.000102
"Dropbox, Inc",0.000409,0.000307,0.000102
"UserVoice, Inc.",0.000409,0.000307,0.000102
"SolarWinds Worldwide, LLC",0.000409,0.000205,0.000205
"Vox Media, Inc.",0.000409,0.000409,0
"BurdaForward GmbH",0.000409,0.000409,0
"The Weather Company, LLC",0.000409,0,0.000409
"De Persgroep Publishing NV",0.000409,0,0.000409
"Seattle Technology",0.000409,0,0.000409
"Symantec Corporation",0.000409,0.000102,0.000307
"Doofinder",0.000409,0.000409,0
"InvestingChannel, Inc.",0.000409,0.000307,0.000102
"Solvvy",0.000409,0.000409,0
"Health On the Net Foundation",0.000409,0,0.000409
"Urban Airship, Inc.",0.000409,0.000409,0
"Rollbar, Inc.",0.000409,0.000409,0
"iAdvize",0.000409,0.000409,0
"DCMN GmbH",0.000409,0.000307,0.000102
"Cedexis",0.000409,0,0.000409
"Council of Better Business Bureaus",0.000409,0,0.000409
"Navegg S.A.",0.000409,0.000409,0
"ecpm",0.000409,0.000409,0
"UPSCORE GMBH",0.000409,0.000409,0
"Datawrapper GmbH",0.000409,0.000409,0
"Channel.me B.V.",0.000409,0.000409,0
"Enreach Solutions Oy",0.000409,0,0.000409
"Content.ad",0.000409,0.000409,0
"SLI Systems, Inc",0.000409,0,0.000409
"Tomksoft S.A.",0.000307,0.000205,0.000102
"Viewster AG",0.000307,0.000307,0
"FC2, Inc.",0.000307,0,0.000307
"Bedigital Corporation",0.000307,0.000307,0
"Tidio Poland Sp. z.o.o.",0.000307,0.000307,0
"Playbuzz LTD",0.000307,0.000205,0.000102
"Infusion Software",0.000307,0.000307,0
"Polar",0.000307,0.000307,0
"Poshibalov Evgeny Vasilyevich",0.000307,0.000205,0.000102
"AdSniper",0.000307,0.000307,0
"PathDefender",0.000307,0.000307,0
"Stichting Webshop Keurmerk",0.000307,0,0.000307
"A Medium Corporation",0.000307,0.000307,0
"Monumetric (The Blogger Network, LLC)",0.000307,0.000307,0
"Lithium Technologies",0.000307,0.000102,0.000205
"CyberAgent, Inc.",0.000307,0.000102,0.000205
"Savvii B.V.",0.000307,0,0.000307
"ENGAGIO INC.",0.000307,0,0.000307
"YieldLift LLC",0.000307,0.000102,0.000205
"Zazzle Inc.",0.000307,0,0.000307
"LLC CDN-video",0.000307,0.000102,0.000205
"SurveyMonkey Inc.",0.000307,0.000307,0
"RapidMedia Limited",0.000307,0,0.000307
"Webtype LLC",0.000307,0,0.000307
"Threadloom, Inc.",0.000307,0,0.000307
"plista GmbH",0.000307,0.000307,0
"Video Media Groep BV",0.000307,0,0.000307
"NewsMax Media Inc.",0.000307,0,0.000307
"Yummly, Inc",0.000307,0.000307,0
"Healthline",0.000307,0,0.000307
"TRADEMATIC",0.000307,0.000307,0
"Renegade Internet, Inc.",0.000307,0.000307,0
"fluct,Inc.",0.000307,0,0.000307
"Conde Nast Publications Inc.",0.000307,0.000102,0.000205
"The Moneytizer",0.000307,0.000307,0
"LEADPLACE",0.000307,0,0.000307
"Congoo, LLC",0.000307,0.000102,0.000205
"BitBalloon",0.000307,0.000205,0.000102
"sociomantic labs GmbH",0.000307,0,0.000307
"CivicScience, Inc",0.000307,0,0.000307
"Alchemy Advertising Pvt. Ltd.",0.000307,0.000102,0.000205
"Ray Networks Ltd",0.000307,0.000307,0
"SphereUp, Inc",0.000307,0.000307,0
"Inspectlet",0.000307,0.000307,0
"AWEBER SYSTEMS, INC.",0.000307,0.000102,0.000205
"Peaberry Software Inc.",0.000307,0.000307,0
"Quality Unit, s.r.o.",0.000307,0.000307,0
"Ant Financial Services Group",0.000307,0.000307,0
"Commission Factory Pty Ltd",0.000307,0,0.000307
"J S WEB PRODUCTION",0.000307,0.000307,0
"mads holmen",0.000307,0,0.000307
"ZEDO, Inc.",0.000307,0,0.000307
"Lead Intelligence, Inc.",0.000307,0.000307,0
"Rumble Inc.",0.000307,0.000307,0
"StreamAMP Ltd",0.000307,0.000102,0.000205
"Nieco BV",0.000307,0.000307,0
"Near Pte. Ltd.",0.000307,0.000205,0.000102
"EMPTY TANK LIMITED",0.000307,0.000307,0
"PowerReviews, Inc.",0.000307,0.000205,0.000102
"CuteSoft.net",0.000307,0.000307,0
"MARKET RESOURCE PARTNERS LIMITED",0.000307,0.000307,0
"Uploadcare, LLC",0.000307,0.000102,0.000205
"Fandom, Inc.",0.000307,0.000205,0.000102
"Contact Impact GmbH",0.000307,0,0.000307
"White Ops, Inc",0.000307,0.000205,0.000102
"SalesLoft",0.000307,0.000307,0
"Kantar Operations",0.000307,0.000307,0
"Beluga CDN",0.000307,0,0.000307
"Spil Games Intangibles",0.000307,0,0.000307
"ScientiaMobile, Inc.",0.000307,0,0.000307
"BiliBili Inc.",0.000307,0,0.000307
"Trust Provider B.V.",0.000307,0.000205,0.000102
"Adrime",0.000307,0.000307,0
"The Bishop Way, Inc.",0.000307,0.000307,0
"Salem Media Group, Inc.",0.000307,0.000307,0
"Esperto Ltd",0.000307,0.000307,0
"Steel House, Inc",0.000307,0.000307,0
"CDNetworks Co., LTD.",0.000307,0,0.000307
"ZypMedia",0.000307,0.000205,0.000102
"Wix.com, Inc.",0.000307,0.000307,0
"auFeminin.com SA",0.000307,0.000307,0
"OneSoon Ltd",0.000307,0.000205,0.000102
"Minute Spoteam Ltd.",0.000307,0.000307,0
"Investis Ltd.",0.000307,0.000307,0
"Psyma Group AG",0.000307,0.000102,0.000205
"Webklipper Technologies Pvt Ltd",0.000307,0.000307,0
"Survicate Sp. z o.o.",0.000307,0.000307,0
"Lucky Orange LLC",0.000307,0.000307,0
"ChannelAdvisor Corporation",0.000307,0.000307,0
"VGZ Zorgverzekeraar N.V.",0.000307,0.000307,0
"Arello Mobile",0.000307,0.000307,0
"CBC Cologne Broadcasting Center GmbH",0.000307,0,0.000307
"Obshchestvo s ogranichennoj otvetstvennostyu Internet Kholding E-generator",0.000307,0.000102,0.000205
"Infectious Media",0.000307,0,0.000307
"Transfermarkt GmbH & Co. KG",0.000307,0,0.000307
"KNMI (Koninklijk Nederlands Meteorologisch Instituut)",0.000205,0,0.000205
"Sajari",0.000205,0,0.000205
"Mobfox US LLC",0.000205,0,0.000205
"James Robinson",0.000205,0,0.000205
"My Plaza Pty Ltd t/as Pulseware",0.000205,0.000205,0
"Ethnio",0.000205,0,0.000205
"OnScroll Limited",0.000205,0.000102,0.000102
"LTD Sape",0.000205,0.000205,0
"REFLUENCE",0.000205,0,0.000205
"Highsoft AS",0.000205,0.000205,0
"AdThink S.A.",0.000205,0.000205,0
"Surecom Corp NV",0.000205,0.000102,0.000102
"TWC Product and Technology, LLC",0.000205,0.000102,0.000102
"Pubstack",0.000205,0.000205,0
"Ltd.LC Radikal-Internet",0.000205,0.000205,0
"Ka Mo Lau",0.000205,0.000102,0.000102
"GrowSumo Inc.",0.000205,0.000205,0
"So-net Media Networks Corporation.",0.000205,0.000102,0.000102
"Digital Advertising Consortium Inc.",0.000205,0.000205,0
"Crypto Coin Comparison Ltd",0.000205,0.000205,0
"ESRI",0.000205,0.000205,0
"GetYourGuide AG",0.000205,0.000205,0
"MAFRA, a.s.",0.000205,0,0.000205
"Kelterborn Andreas",0.000205,0,0.000205
"Paradox Interactive AB (publ)",0.000205,0.000205,0
"ORCHID MEDIA Limited",0.000205,0.000205,0
"Treasure Data, Inc",0.000205,0.000205,0
"Zhuhai Yingxun Keji Limited",0.000205,0.000102,0.000102
"Avarishidu Limited",0.000205,0.000102,0.000102
"Likee",0.000205,0,0.000205
"Publitas.com B.V.",0.000205,0,0.000205
"Zaius, Inc.",0.000205,0,0.000205
"'MT Group' Limited Liability Company",0.000205,0.000205,0
"privat porson",0.000205,0.000205,0
"BYTOP inc.",0.000205,0,0.000205
"SocCorp - socialinaya korporaciya",0.000205,0,0.000205
"UNITED ONLINE VENTURES LIMITED",0.000205,0,0.000205
"Times Internet Ltd",0.000205,0.000205,0
"AdPlugg",0.000205,0.000102,0.000102
"GeneaNet SA",0.000205,0,0.000205
"Flipp Corp.",0.000205,0.000205,0
"hentaicdn.com",0.000205,0.000205,0
"Ubiquiti Networks",0.000205,0,0.000205
"BENJAMIN MEDIA A/S",0.000205,0.000205,0
"Celtra Inc.",0.000205,0.000102,0.000102
"Team Internet AG",0.000205,0,0.000205
"Wootric",0.000205,0,0.000205
"BM Pro Advertising s.r.o.",0.000205,0.000205,0
"Associated Newspapers Limited",0.000205,0.000205,0
"Elfsight",0.000205,0,0.000205
"GetSocial, S.A.",0.000205,0,0.000205
"GetGo, Inc.",0.000205,0.000205,0
"Adnium Inc",0.000205,0.000205,0
"About You GmbH",0.000205,0,0.000205
"The Adult Company",0.000205,0,0.000205
"PressPage",0.000205,0.000102,0.000102
"Collective, Inc.",0.000205,0,0.000205
"上海七牛信息技术有限公司",0.000205,0.000205,0
"push.world",0.000205,0.000205,0
"ADVERTICA LTD.",0.000205,0.000102,0.000102
"Starfield Technologies, LLC",0.000205,0.000102,0.000102
"SCTR Services LLC",0.000205,0.000102,0.000102
"Salem Communications Corporation",0.000205,0.000102,0.000102
"Patreon, Inc.",0.000205,0.000205,0
"ARNOLDO MONDADORI EDITORE SpA",0.000205,0.000205,0
"R.T.I S.p.A.",0.000205,0.000205,0
"The Walt Disney Company",0.000205,0.000102,0.000102
"TowerData, Inc.",0.000205,0.000205,0
"PR Sportory (Israel) Ltd",0.000205,0.000205,0
"Evolution Technologies INC.",0.000205,0,0.000205
"Vettor Corporation",0.000205,0.000205,0
"Add Shoppers",0.000205,0.000205,0
"Benhauer sp. z o.o.",0.000205,0.000205,0
"Nanigans",0.000205,0.000205,0
"Perform Media Services Ltd",0.000205,0,0.000205
"RevJet",0.000205,0.000205,0
"eyeReturn Marketing Inc.",0.000205,0,0.000205
"Telegram Messenger LLP",0.000205,0.000102,0.000102
"Karan Walia",0.000205,0.000205,0
"Publir",0.000205,0.000205,0
"Prizgo",0.000205,0.000102,0.000102
"Adloox SAS",0.000205,0.000102,0.000102
"Smile Inc.",0.000205,0.000205,0
"Castle Intelligence, Inc.",0.000205,0,0.000205
"PushPushGo Sp. z o. o.",0.000205,0.000102,0.000102
"Adzerk",0.000205,0.000205,0
"Twenty-First Century Fox, Inc.",0.000205,0.000205,0
"GRAPHIC RESOURCES S.L.",0.000205,0,0.000205
"AddSearch Oy",0.000205,0,0.000205
"123inkt (Digital Revolution BV)",0.000205,0.000205,0
"Task Analytics",0.000205,0.000205,0
"NET-Metrix AG",0.000205,0,0.000205
"Voicefive, Inc",0.000205,0.000102,0.000102
"Acquia, Inc",0.000205,0.000205,0
"PushBullet Inc",0.000205,0.000205,0
"Rovi Corporation",0.000205,0,0.000205
"primeNumber Inc.",0.000205,0.000102,0.000102
"DWANGO Co.,Ltd.",0.000205,0,0.000205
"ToutApp, Inc.",0.000205,0.000205,0
"SecuredTouch Inc.",0.000205,0.000205,0
"Signifyd Inc.",0.000205,0.000205,0
"Trion Interactive LLC",0.000205,0.000205,0
"SARENZA SA",0.000205,0.000205,0
"sourcedefense",0.000205,0.000205,0
"Cliplister GmbH",0.000205,0,0.000205
"Jake Brumby",0.000205,0.000102,0.000102
"PR Newswire Association LLC",0.000205,0.000205,0
"Listrak",0.000205,0.000205,0
"Ergo",0.000205,0,0.000205
"Atypon Systems, LLC",0.000205,0.000205,0
"Ano Nymous",0.000205,0.000102,0.000102
"User Replay Ltd",0.000205,0.000102,0.000102
"Tencent Holdings Ltd.",0.000205,0.000102,0.000102
"Wedia",0.000205,0,0.000205
"SMARTER CLICK TECHNOLOGY LTD",0.000205,0.000205,0
"Recurly, Inc.",0.000205,0.000205,0
"Market Data Limited",0.000205,0.000205,0
"1000mercis",0.000205,0.000205,0
"apilayer GmbH",0.000205,0.000205,0
"Reach PLC",0.000205,0.000205,0
"Trustwave Holdings, Inc.",0.000205,0,0.000205
"TouchCommerce, Inc",0.000205,0.000205,0
"Accengage",0.000205,0.000205,0
"Environmental Systems Research Institute, Inc.",0.000205,0,0.000205
"Exit Bee",0.000205,0.000102,0.000102
"giosg.com Ltd.",0.000205,0.000205,0
"RealVu Inc",0.000205,0.000205,0
"KPN B.V.",0.000205,0,0.000205
"Pantheon Systems, Inc.",0.000205,0,0.000205
"Nosto Solutions Ltd",0.000205,0.000205,0
"Webspectator Corporation",0.000205,0.000102,0.000102
"The Font Bureau, Inc.",0.000205,0,0.000205
"Soundest Limited",0.000205,0.000102,0.000102
"Refinery29",0.000205,0,0.000205
"Rating-Widget, Inc.",0.000205,0.000205,0
"Perfect Sense Operations",0.000205,0.000102,0.000102
"Webflow, Inc.",0.000205,0.000205,0
"Holland & Barrett Retail Limited",0.000205,0,0.000205
"Cooperatieve Rabobank U.A.",0.000205,0,0.000205
"Radius8, Inc.",0.000205,0.000205,0
"Adtraction Marketing AB",0.000205,0,0.000205
"spoteam.com",0.000205,0.000205,0
"Ividence",0.000205,0,0.000205
"Sanoma Oyj",0.000205,0,0.000205
"大北欧通讯设备贸易（上海）有限公司",0.000205,0.000102,0.000102
"Gabia C&S",0.000205,0.000205,0
"Dheera Media",0.000205,0,0.000205
"Uptrends BV",0.000205,0,0.000205
"First Derivatives plc.",0.000205,0.000102,0.000102
"Accuweather, Inc.",0.000205,0,0.000205
"iPerceptions Inc.",0.000205,0.000205,0
"CFI Group",0.000205,0.000205,0
"W3C",0.000205,0,0.000205
"OLX Group GmbH",0.000205,0.000205,0
"Medianova Internet Hizmetleri A.S.",0.000205,0,0.000205
"THE ENDURANCE INTERNATIONAL GROUP, INC.",0.000205,0.000102,0.000102
"E-Diary Pty Ltd",0.000205,0.000205,0
"Mailjet SAS",0.000205,0.000102,0.000102
"LCN.com Ltd",0.000205,0.000102,0.000102
"Sagan Systems, Inc.",0.000205,0.000205,0
"Entravision Communications Corporation",0.000205,0.000205,0
"RUN",0.000205,0,0.000205
"Bluecore Inc.",0.000205,0.000205,0
"BitPay, Inc.",0.000205,0.000205,0
"北京搜狐新媒体信息技术有限公司",0.000205,0.000102,0.000102
"DigiCert, Inc.",0.000205,0,0.000205
"Matelma International",0.000205,0.000205,0
"Kindred IP Limited",0.000205,0.000205,0
"Zalando SE",0.000205,0.000205,0
"Ko-Fi Labs Limited",0.000102,0.000102,0
"Scholarly iQ",0.000102,0.000102,0
"The Dutch Selection B.V.",0.000102,0,0.000102
"Vodafone Group Services Limited",0.000102,0.000102,0
"Tinkoff Bank AO",0.000102,0.000102,0
"Azarius Reform Int.",0.000102,0.000102,0
"ASANA",0.000102,0,0.000102
"Boyle Software, Inc.",0.000102,0,0.000102
"AutopilotHQ, inc",0.000102,0,0.000102
"Roger Wilco LLC",0.000102,0.000102,0
"AKINASISTA",0.000102,0.000102,0
"ValueCommerce Co., Ltd.",0.000102,0,0.000102
"SoftNews Net SRL",0.000102,0,0.000102
"ACI Prensa",0.000102,0.000102,0
"Media Today",0.000102,0.000102,0
"ALTERGEO LIMITED",0.000102,0.000102,0
"4chan community support LLC",0.000102,0,0.000102
"vwd Vereinigte Wirtschaftsdienste GmbH",0.000102,0,0.000102
"Cambio Modeling Ltd.",0.000102,0,0.000102
"Hypothes.is",0.000102,0.000102,0
"Kahoot! AS",0.000102,0.000102,0
"TURTL SURF & IMMERSE",0.000102,0,0.000102
"Woodman Labs, Inc.",0.000102,0,0.000102
"Zahlen Solutions LLC",0.000102,0,0.000102
"Tefincom S.A.",0.000102,0,0.000102
"x19 Limited",0.000102,0.000102,0
"PEUGEOT SA",0.000102,0,0.000102
"GotChosen, Inc.",0.000102,0.000102,0
"Roofoods Ltd",0.000102,0.000102,0
"Okta, Inc.",0.000102,0,0.000102
"Wisdom Tooth Technology",0.000102,0.000102,0
"EarthSky Communications, Inc.",0.000102,0,0.000102
"SatisMeter",0.000102,0.000102,0
"Ninja Tools Inc.",0.000102,0,0.000102
"Eksi Teknoloji",0.000102,0.000102,0
"Crenvo Bilisim Danismanlik Reklam ve Tic. A.S.",0.000102,0,0.000102
"JSC Echo of Moscow",0.000102,0.000102,0
"Infusion Extreme LLC",0.000102,0,0.000102
"Thomann GmbH",0.000102,0,0.000102
"Siracusa Management S.A.",0.000102,0,0.000102
"Fireball Labs GmbH",0.000102,0,0.000102
"EZCloud LIMITED",0.000102,0.000102,0
"Companies House",0.000102,0.000102,0
"Ravana, LLC",0.000102,0,0.000102
"Axel Springer SE",0.000102,0,0.000102
"nugg.ad GmbH",0.000102,0,0.000102
"Gelbooru",0.000102,0.000102,0
"KCM Systems B.V.",0.000102,0.000102,0
"Monsido Inc.",0.000102,0.000102,0
"NIKITAS GEORGOPOULOS",0.000102,0.000102,0
"Intent IQ, LLC",0.000102,0,0.000102
"Call Tracking Metrics LLC",0.000102,0.000102,0
"Saavn, LLC",0.000102,0.000102,0
"Moxie Software Inc.",0.000102,0.000102,0
"SheknowsLLC",0.000102,0,0.000102
"Stylecaster, Inc",0.000102,0,0.000102
"Comm100 Network Corporation",0.000102,0.000102,0
"SmartNews, Inc.",0.000102,0.000102,0
"FreakOut Holdings, inc.",0.000102,0.000102,0
"Yozo, Kaneko",0.000102,0,0.000102
"GMO AD Marketing Inc.",0.000102,0,0.000102
"TROVIT SEARCH SL",0.000102,0.000102,0
"Chaordix Inc.",0.000102,0,0.000102
"Kevin Ma",0.000102,0,0.000102
"Issuu ApS",0.000102,0.000102,0
"Green Venture LLC",0.000102,0,0.000102
"Zeit, Inc",0.000102,0,0.000102
"Digital Science Research Solutions Inc",0.000102,0,0.000102
"IDNM CO.",0.000102,0,0.000102
"Wizrocket Inc",0.000102,0,0.000102
"FinancialContent Services Inc",0.000102,0,0.000102
"ImageKit Private Limited",0.000102,0,0.000102
"NOS",0.000102,0,0.000102
"Luren",0.000102,0,0.000102
"Green Hills",0.000102,0.000102,0
"Poynter Institute",0.000102,0,0.000102
"KONINKLIJKE LUCHTVAART MAATSCHAPPIJ N.V.",0.000102,0,0.000102
"Limited Liability Company NGENIX",0.000102,0,0.000102
"Literally.Media",0.000102,0.000102,0
"Shashank Kumar",0.000102,0.000102,0
"Beijing Kuaishou Technology Ltd.",0.000102,0,0.000102
"APEX INC.",0.000102,0,0.000102
"OhYeah, Inc.",0.000102,0,0.000102
"Stichting Loonwijzer",0.000102,0.000102,0
"StepStone GmbH",0.000102,0,0.000102
"Mega Limited",0.000102,0,0.000102
"Lautsprecher Teufel GmbH",0.000102,0,0.000102
"finanzen.net GmbH",0.000102,0.000102,0
"F@N Communications, Inc",0.000102,0,0.000102
"rewardStyle, Inc.",0.000102,0,0.000102
"MUSESCORE BVBA",0.000102,0,0.000102
"Refersion, Inc.",0.000102,0,0.000102
"Kuksa Yaroslav",0.000102,0,0.000102
"Aleksandr Boganchik",0.000102,0,0.000102
"BrightFunnel",0.000102,0.000102,0
"Bitrix Ltd.",0.000102,0.000102,0
"DevHD Inc.",0.000102,0.000102,0
"Twilio, Inc.",0.000102,0.000102,0
"bergfex GmbH",0.000102,0,0.000102
"BAHAG Baus Handelsgesellschaft AG Zug/Schweiz Zweigniederlassung Mannheim",0.000102,0,0.000102
"Indicative Inc.",0.000102,0.000102,0
"EmpathyBroker Ltd",0.000102,0,0.000102
"Beijing Sumi Times Technology Co., Ltd.",0.000102,0,0.000102
"Booking.com BV",0.000102,0,0.000102
"SK Intertainment",0.000102,0.000102,0
"InTango",0.000102,0,0.000102
"YLLIX INC",0.000102,0.000102,0
"Dial Once Holdings Limited",0.000102,0,0.000102
"Leiden University",0.000102,0.000102,0
"OmniVirt",0.000102,0.000102,0
"StartCom Ltd.",0.000102,0,0.000102
"Blockchain Luxembourg S.A",0.000102,0.000102,0
"CHIP Digital Gmbh",0.000102,0.000102,0
"SRvision BV",0.000102,0,0.000102
"TechIO Ltd",0.000102,0.000102,0
"Gannett Co., Inc.",0.000102,0.000102,0
"WalkMe LTD",0.000102,0.000102,0
"mcosys GmbH",0.000102,0.000102,0
"Paddle.com Market Ltd",0.000102,0.000102,0
"Voltn LLC",0.000102,0.000102,0
"AiTRK Corporation",0.000102,0.000102,0
"Shappify",0.000102,0.000102,0
"Awio Web Services LLC",0.000102,0.000102,0
"Gumroad, Inc.",0.000102,0.000102,0
"MediaWallah LLC",0.000102,0,0.000102
"Vice Benelux B.V.",0.000102,0.000102,0
"T3CH.com LLC",0.000102,0,0.000102
"Windermere Holdings Group Limited",0.000102,0.000102,0
"DeepConverse",0.000102,0.000102,0
"The John Birch Society",0.000102,0.000102,0
"Hexasoft Development Sdn. Bhd.",0.000102,0,0.000102
"Liquid New Media Limited",0.000102,0.000102,0
"4strokemedia",0.000102,0.000102,0
"Fanplayr Inc.",0.000102,0,0.000102
"OwnLocal.com",0.000102,0,0.000102
"Zucks,Inc.",0.000102,0.000102,0
"Logly, Inc.",0.000102,0,0.000102
"Miranus GmbH",0.000102,0.000102,0
"Glance Networks Inc",0.000102,0.000102,0
"BuzzFeed, Inc.",0.000102,0,0.000102
"Swym Corporation",0.000102,0,0.000102
"iHM Identity, Inc.",0.000102,0.000102,0
"Adverticum Zrt.",0.000102,0.000102,0
"Legato LLC",0.000102,0,0.000102
"creative atoms",0.000102,0.000102,0
"TinyURL, LLC",0.000102,0.000102,0
"The Asahi Shimbun Company",0.000102,0,0.000102
"Newzmate Sp. z o.o.",0.000102,0.000102,0
"ArenaNet",0.000102,0,0.000102
"DIGITAL BUSINESS INTELLIGENCE",0.000102,0.000102,0
"Academia Inc",0.000102,0.000102,0
"Thomas Publishing Company, LLC",0.000102,0,0.000102
"Shareasale.com",0.000102,0,0.000102
"123Test B.V.",0.000102,0,0.000102
"Coop Genossenschaft",0.000102,0.000102,0
"CouponPlus AG",0.000102,0,0.000102
"Duck Duck Go, Inc.",0.000102,0.000102,0
"adidas AG",0.000102,0,0.000102
"Reflektion",0.000102,0.000102,0
"Vizury Interactive Solutions Pvt Ltd",0.000102,0.000102,0
"USI Technologies, Inc.",0.000102,0.000102,0
"Schibsted Products and Technology AS",0.000102,0.000102,0
"Schibsted Products and Technology",0.000102,0.000102,0
"Norstat Norge AS",0.000102,0,0.000102
"Digital Trends",0.000102,0.000102,0
"Atresmedia Corporacion de Medios de Comunicacion SA",0.000102,0,0.000102
"Independer.nl N.V.",0.000102,0.000102,0
"The Trustico Group Ltd",0.000102,0.000102,0
"University of Houston",0.000102,0.000102,0
"JFG NETWORKS",0.000102,0,0.000102
"Hull Inc.",0.000102,0.000102,0
"Johnathan Agnes",0.000102,0.000102,0
"Ministry of Culture and Islamic Guidance",0.000102,0.000102,0
"Somo Audience Corp",0.000102,0.000102,0
"AD TYRES INTERNATIONAL SLU",0.000102,0.000102,0
"AutoScout24 GmbH",0.000102,0,0.000102
"Foodient Ltd.",0.000102,0.000102,0
"DB Vertrieb GmbH",0.000102,0,0.000102
"Avast Software s.r.o.",0.000102,0,0.000102
"RDP B92",0.000102,0.000102,0
"Philips International B.V.",0.000102,0,0.000102
"T-Mobile Netherlands B.V.",0.000102,0.000102,0
"NextInteractive",0.000102,0.000102,0
"La Place Media",0.000102,0,0.000102
"Bango.net Ltd",0.000102,0,0.000102
"Move Inc.",0.000102,0,0.000102
"Dow Jones & Company, Inc.",0.000102,0,0.000102
"NYP Holdings, Inc",0.000102,0,0.000102
"247 Customer Inc",0.000102,0.000102,0
"Paddy Power Betfair PLC",0.000102,0.000102,0
"Logitech Inc. SA",0.000102,0.000102,0
"Evans Cycles Limited",0.000102,0.000102,0
"BSH Hausgeräte GmbH",0.000102,0,0.000102
"Roland Corporation",0.000102,0,0.000102
"Bose Corporation",0.000102,0.000102,0
"LEGO System A/S",0.000102,0,0.000102
"emfluence, llc",0.000102,0,0.000102
"Adjust GmbH",0.000102,0.000102,0
"Answers Corporation",0.000102,0.000102,0
"Capterra, Inc.",0.000102,0.000102,0
"Secure Live Media, LLC",0.000102,0,0.000102
"Postcode Anywhere",0.000102,0,0.000102
"MOTORCYCLEiD.com",0.000102,0.000102,0
"TRUCKiD.com",0.000102,0.000102,0
"POWERSPORTSiD.com",0.000102,0.000102,0
"BOATiD.com",0.000102,0.000102,0
"CAMPERiD.com",0.000102,0.000102,0
"TOOLSiD.com",0.000102,0.000102,0
"RECREATIONiD.com",0.000102,0.000102,0
"Weather Decision Technologies Inc.",0.000102,0,0.000102
"Chrono24 GmbH",0.000102,0.000102,0
"Travix International",0.000102,0.000102,0
"PIRIFORM SOFTWARE LIMITED",0.000102,0,0.000102
"Channel Four Television Company Limited",0.000102,0.000102,0
"Pierre et Vacances",0.000102,0.000102,0
"Flipboard, Inc.",0.000102,0,0.000102
"Corte Lodato LLC",0.000102,0.000102,0
"Allegro.pl sp. z o.o.",0.000102,0,0.000102
"Publift Pty Ltd",0.000102,0.000102,0
"MMOFam",0.000102,0,0.000102
"Chmura, Richard",0.000102,0,0.000102
"COMPUTER BILD Digital GmbH",0.000102,0,0.000102
"International Data Group, Inc.",0.000102,0,0.000102
"BLUEHOST, INC",0.000102,0,0.000102
"DREHER ONLINE LTD",0.000102,0,0.000102
"Widespace AB",0.000102,0,0.000102
"webgarden s.r.o.",0.000102,0.000102,0
"Seznam.cz, a.s.",0.000102,0.000102,0
"IAC (InterActiveCorp)",0.000102,0.000102,0
"Fonq.nl B.V.",0.000102,0.000102,0
"CD PROJEKT S.A.",0.000102,0,0.000102
"Ysance",0.000102,0.000102,0
"Magazijn \de Bijenkorf\ B.V.",0.000102,0.000102,0
"United Internet AG",0.000102,0.000102,0
"Prodege, LLC",0.000102,0.000102,0
"Adeptmind Inc.",0.000102,0,0.000102
"Toby Marsden",0.000102,0,0.000102
"BLOGMUSIK",0.000102,0.000102,0
"Zilveren Kruis Zorgverzekeringen N.V.",0.000102,0.000102,0
"Pricewise B.V.",0.000102,0.000102,0
"devolo AG",0.000102,0,0.000102
"Century Fuxuan Software & Technology Development (Beijing) Co. L",0.000102,0.000102,0
"c2b s.a.",0.000102,0,0.000102
"Adonweb LLC",0.000102,0.000102,0
"Public-Id&Atilde;&copy;es SA",0.000102,0,0.000102
"Travis CI GmbH",0.000102,0,0.000102
"Sgrouples, Inc.",0.000102,0,0.000102
"eGain Corporation",0.000102,0.000102,0
"AT&T Services, Inc.",0.000102,0.000102,0
"Invoca",0.000102,0.000102,0
"idio",0.000102,0.000102,0
"DialogTech, Inc.",0.000102,0,0.000102
"OWOX, Inc.",0.000102,0,0.000102
"dm-drogerie markt GmbH + Co. KG",0.000102,0,0.000102
"Hurra Communications GmbH",0.000102,0.000102,0
"Mozilla Foundation",0.000102,0,0.000102
"Time and Date AS",0.000102,0.000102,0
"Dyson Ltd",0.000102,0,0.000102
"Petaxon Informática Ltda",0.000102,0.000102,0
"iLost B.V.",0.000102,0,0.000102
"Admeen B.V.",0.000102,0.000102,0
"Bencom Group BV",0.000102,0,0.000102
"Boxever Limited",0.000102,0,0.000102
"HI-MEDIA",0.000102,0,0.000102
"CDK Global, LLC.",0.000102,0.000102,0
"Matthew  O'Riordan",0.000102,0.000102,0
"ACSI Publishing B.V.",0.000102,0.000102,0
"Hotels.com",0.000102,0.000102,0
"Orbitz, LLC",0.000102,0.000102,0
"HomeAway.com, Inc.",0.000102,0.000102,0
"Societe Nationale De Radiodiffusion Radio France",0.000102,0,0.000102
"Secret Industries",0.000102,0.000102,0
"Fiat Chrysler Automobiles",0.000102,0.000102,0
"FastG8",0.000102,0.000102,0
"Intelligentreach",0.000102,0,0.000102
"nazwa.pl sp. z o.o.",0.000102,0.000102,0
"OSOBNOSTI.cz, s.r.o.",0.000102,0,0.000102
"Internet Billboard a.s.",0.000102,0,0.000102
"LiveSport Media Ltd",0.000102,0,0.000102
"Interdeal development Ltd",0.000102,0.000102,0
"eRowz",0.000102,0.000102,0
"StackCommerce Inc",0.000102,0.000102,0
"Fragrantica Inc",0.000102,0.000102,0
"Ford Motor Company",0.000102,0.000102,0
"Discovery Communications Europe Limited",0.000102,0,0.000102
"Funda Real Estate B.V.",0.000102,0,0.000102
"Strategy Informer",0.000102,0.000102,0
"3DNA Corp",0.000102,0.000102,0
"RootNet",0.000102,0,0.000102
"RCS Mediagroup S.p.A",0.000102,0.000102,0
"Glassdoor, Inc.",0.000102,0.000102,0
"OnApp Limited",0.000102,0,0.000102
"Klangoo Inc",0.000102,0.000102,0
"GirlsAskGuys LLC",0.000102,0.000102,0
"Logos Research Systems, Inc.",0.000102,0,0.000102
"Compassion International",0.000102,0,0.000102
"Grohe AG",0.000102,0.000102,0
"Provide Support LLC",0.000102,0.000102,0
"adomik",0.000102,0,0.000102
"Mode Media Corporation",0.000102,0.000102,0
"Data Subsystems Inc",0.000102,0.000102,0
"TLM, Inc.",0.000102,0,0.000102
"Guitar Center, Inc.",0.000102,0,0.000102
"Novamedia B.V.",0.000102,0.000102,0
"AbstractBrain srls",0.000102,0.000102,0
"Haaretz Daily Newspaper Ltd.",0.000102,0,0.000102
"Travelex Limited",0.000102,0.000102,0
"Storygize",0.000102,0.000102,0
"Ephox Corporation",0.000102,0,0.000102
"GROCERY DELIVERY E-SERVICES USA INC",0.000102,0.000102,0
"Delivra",0.000102,0.000102,0
"Preisvergleich Internet Services AG",0.000102,0,0.000102
"Findify AB",0.000102,0,0.000102
"Crown Media Holdings",0.000102,0.000102,0
"Holprop LTD",0.000102,0,0.000102
"Home24 AG",0.000102,0.000102,0
"Idealo Internet GmbH",0.000102,0.000102,0
"QuestBack GmbH",0.000102,0.000102,0
"Forensiq",0.000102,0,0.000102
"Box, Inc.",0.000102,0.000102,0
"Versandhaus Walz GmbH",0.000102,0,0.000102
"dimelo sas",0.000102,0,0.000102
"UAB SearchNode",0.000102,0.000102,0
"Metrics Delivered LLC",0.000102,0.000102,0
"Devion",0.000102,0,0.000102
"Prime Strategy Co.,LTD.",0.000102,0,0.000102
"Splunk, Inc.",0.000102,0,0.000102
"IsraBox LTD",0.000102,0,0.000102
"Sanoma Media Finland Oy / Nelonen",0.000102,0,0.000102
"Sanoma Media Finland Oy / Ilta-Sanomat",0.000102,0.000102,0
"GN Store Nord A/S",0.000102,0.000102,0
"Flowplayer AB",0.000102,0.000102,0
"Juno Media Ltd",0.000102,0.000102,0
"CZ Groep Aanvullende Verzekering Zorgverzekeraar",0.000102,0.000102,0
"Epigraf Teknoloji San ve Tic AS",0.000102,0.000102,0
"Consumentenbond",0.000102,0.000102,0
"THRON SPA",0.000102,0.000102,0
"KATO Group BV",0.000102,0,0.000102
"Barchart.com Inc",0.000102,0.000102,0
"LLC SMI2",0.000102,0,0.000102
"YENGO PTE. LTD",0.000102,0.000102,0
"GoDaddy Inc.",0.000102,0,0.000102
"Future Publishing Limited",0.000102,0,0.000102
"Buffer Inc.",0.000102,0.000102,0
"Toyota Motor Corporation",0.000102,0.000102,0
"Catawiki",0.000102,0,0.000102
"Bauer Systems KG",0.000102,0.000102,0
"Sumo Logic Inc.",0.000102,0.000102,0
"FINANCIERE MEDIA",0.000102,0.000102,0
"Michael Browitt",0.000102,0.000102,0
"Blue Capital Markets Limited",0.000102,0.000102,0
"Ciliara Trading Limited",0.000102,0.000102,0
"Frankfurter Allgemeine Zeitung GmbH",0.000102,0,0.000102
"The New York Times Company",0.000102,0.000102,0
"SOCIETE EDITRICE DU MONDE",0.000102,0,0.000102
"RevLifter Limited",0.000102,0.000102,0
"Ultimate Guitar USA LLC",0.000102,0,0.000102
"Radiant Media Player EURL",0.000102,0.000102,0
"Marks and Spencer P.L.C.",0.000102,0,0.000102
"NIC.UA LLC",0.000102,0.000102,0
"Atlantic Media Inc.",0.000102,0,0.000102
"Spacefoot SAS",0.000102,0.000102,0
"Media-Saturn-Holding GmbH",0.000102,0,0.000102
"Daimler AG",0.000102,0.000102,0
"VEVO, LLC",0.000102,0,0.000102
"Chegg Inc.",0.000102,0.000102,0
"Glomex GmbH",0.000102,0,0.000102
"Eris Networks SAS",0.000102,0.000102,0
"Speedyrails Inc.",0.000102,0,0.000102
"Ceros, Inc.",0.000102,0.000102,0
"Smartling, Inc.",0.000102,0,0.000102
"Morningstar Inc",0.000102,0.000102,0
"MUSIC STORE professional GmbH",0.000102,0,0.000102
"Koninklijke Nederlandse Akademie van Wetenschappen",0.000102,0.000102,0
"Wirtualna Polska",0.000102,0,0.000102
"Under Armour, Inc.",0.000102,0,0.000102
"MyHeritage Ltd.",0.000102,0.000102,0
"SPARWELT GmbH",0.000102,0,0.000102
"getblue",0.000102,0.000102,0
"Maropost Inc.",0.000102,0.000102,0
"Space Squirrel Ltd.",0.000102,0.000102,0
"eTrust Pro Inc.",0.000102,0,0.000102
"Megapharma sprl",0.000102,0.000102,0
"Ian Birkby",0.000102,0.000102,0
"F5 Networks Inc",0.000102,0.000102,0
"Nintendo Co., Ltd.",0.000102,0.000102,0
"Nissan Motor Co., Ltd.",0.000102,0.000102,0
"DLPWD",0.000102,0,0.000102
"Cloud.IQ Limited",0.000102,0.000102,0
"LimeSpot",0.000102,0.000102,0
"Odoo s.a.",0.000102,0.000102,0
"HELLO UMI S.L.",0.000102,0.000102,0
"Mailkit",0.000102,0,0.000102
"Camelonta",0.000102,0.000102,0
"Fashion ID GmbH & Co. KG",0.000102,0.000102,0
"ADLEAD",0.000102,0,0.000102
"Random House IT",0.000102,0.000102,0
"Public Joint Stock Company Rostelecom",0.000102,0.000102,0
"Scott Helme",0.000102,0.000102,0
"Gotys Productions Inc.",0.000102,0.000102,0
"Vivocha S.r.l.",0.000102,0.000102,0
"MarketTools, Inc.",0.000102,0.000102,0
"TSG INTERACTIVE SERVICES LIMITED",0.000102,0,0.000102
"Rational Intellectual Holdings Limited",0.000102,0.000102,0
"AfreecaTV co., Ltd",0.000102,0,0.000102
"Amino Payments",0.000102,0,0.000102
"Media24 (Pty) Ltd",0.000102,0.000102,0
"PricewaterhouseCoopers LLP",0.000102,0,0.000102
"Flyp Technologies Inc.",0.000102,0.000102,0
"VMware, Inc",0.000102,0.000102,0
"Reichelt Elektronik GmbH und Co. KG",0.000102,0,0.000102
"VerticalScope Inc",0.000102,0.000102,0
"Renault SAS",0.000102,0,0.000102
"Elemedia S.p.A.",0.000102,0.000102,0
"Corel Corporation",0.000102,0.000102,0
"PAKH Ltd",0.000102,0.000102,0
"ROSE Bikes GmbH",0.000102,0.000102,0
"Trbo GmbH",0.000102,0.000102,0
"Content Insights",0.000102,0,0.000102
"Verlagsgesellschaft Madsack GmbH & Co. KG",0.000102,0,0.000102
"WP Company LLC",0.000102,0,0.000102
"ironSource Ltd",0.000102,0.000102,0
"Conversion Logic, Inc.",0.000102,0,0.000102
"ASN Bank (de Volksbank N.V.)",0.000102,0,0.000102
"ROLEX SA",0.000102,0.000102,0
"Live Nation Entertainment",0.000102,0,0.000102
"SBDGroup",0.000102,0,0.000102
"Swaen-Advies",0.000102,0.000102,0
"Koninklijke PostNL B.V.",0.000102,0,0.000102
"Pieter Omvlee",0.000102,0.000102,0
"Visual Meta GmBH",0.000102,0,0.000102
"SIXT SE",0.000102,0.000102,0
"SHOPMACHER eCommerce GmbH Co. KG",0.000102,0,0.000102
"Pajamas Media",0.000102,0.000102,0
"Allegiance Inc",0.000102,0,0.000102
"Traction Media Inc.",0.000102,0,0.000102
"Maru/edr Limited",0.000102,0.000102,0
"Blendle B.V.",0.000102,0,0.000102
"Spil Games B.V.",0.000102,0.000102,0
"Jeremy Bieger",0.000102,0.000102,0
"User Local,Inc.",0.000102,0.000102,0
"The Interpublic Group of Companies, Inc.",0.000102,0,0.000102
"Vidyard",0.000102,0.000102,0
"Nine Entertainment Co.",0.000102,0.000102,0
"Smithsonian Enterprises",0.000102,0.000102,0
"Smithsonian Institution",0.000102,0.000102,0
"Schweizerische Radio- und Fernsehgesellschaft",0.000102,0,0.000102
"Helpshift, Inc.",0.000102,0.000102,0
"Iterable, Inc.",0.000102,0,0.000102
"sprd.net AG",0.000102,0.000102,0
"Andreas Stihl AG & Co KG",0.000102,0.000102,0
"fabfab GmbH",0.000102,0.000102,0
"Envato Pty Ltd",0.000102,0.000102,0
"Mansell Group",0.000102,0,0.000102
"StreetSine Singapore Pte Ltd",0.000102,0.000102,0
"Gruner + Jahr GmbH & Co KG",0.000102,0,0.000102
"Thunderhead.com Limited",0.000102,0,0.000102
"Suedwestrundfunk Anstalt des oeffentlichen Rechts",0.000102,0,0.000102
"Komoona",0.000102,0,0.000102
"User1st",0.000102,0.000102,0
"Motionpoint Corporation",0.000102,0.000102,0
"ViacomCBS Inc.",0.000102,0,0.000102
"Vertical Health, LLC",0.000102,0.000102,0
"Buzzbox Media PA LP",0.000102,0,0.000102
"The Guardian",0.000102,0,0.000102
"SVERIGES TELEVISION AB",0.000102,0,0.000102
"NHK(Japan Broadcasting Corporation)",0.000102,0,0.000102
"20 Minutes France SAS",0.000102,0,0.000102
"ANO TV-Novosti",0.000102,0,0.000102
"Mux, Inc.",0.000102,0,0.000102
"LegitScript LLC",0.000102,0.000102,0
"Thule IP AB",0.000102,0.000102,0
"JustAnswer LLC",0.000102,0.000102,0
"Ravelin Technology",0.000102,0.000102,0
"Sojern, Inc.",0.000102,0.000102,0
"News UK & Ireland Ltd",0.000102,0.000102,0
"Web Geo Services",0.000102,0.000102,0
"Universal Music Group",0.000102,0.000102,0
"Informer Technologies, Inc.",0.000102,0,0.000102
"BitTorrent, Inc.",0.000102,0,0.000102
"Uniqodo Limited",0.000102,0.000102,0
"Borderfree Inc.",0.000102,0.000102,0
"CoreMedia AG",0.000102,0.000102,0
"Gatehouse Media, LLC",0.000102,0,0.000102
"Vaillant GmbH",0.000102,0.000102,0
"Compagnie Generale des Etablissements Michelin",0.000102,0,0.000102
"Beyond Security, Inc.",0.000102,0,0.000102
"Digi-Key Corporation",0.000102,0.000102,0
"Somia Reality Oy",0.000102,0.000102,0
"LENGOW",0.000102,0,0.000102
"Greenbug",0.000102,0,0.000102
"Vinted UAB",0.000102,0.000102,0
"Cimpress Schweiz GmbH",0.000102,0.000102,0
"Broadstreet Ads, Inc",0.000102,0.000102,0
"AYU Technology Solutions LLC",0.000102,0,0.000102
"econda GmbH",0.000102,0,0.000102
"marmalade GmbH",0.000102,0.000102,0
"Peerius Ltd",0.000102,0.000102,0
"ZFERRAL INC",0.000102,0.000102,0
"Coralogix",0.000102,0,0.000102
"ReachDynamics LLC",0.000102,0.000102,0
"EyeView, Inc.",0.000102,0,0.000102
"Proofpoint, Inc.",0.000102,0.000102,0
"Wiggle Ltd",0.000102,0.000102,0
"Telerik EAD",0.000102,0.000102,0
"Meteovista B.V.",0.000102,0.000102,0
"Online Marketing Solutions AG",0.000102,0,0.000102
"Media Global Stage Co., Ltd.",0.000102,0,0.000102
"Beijing Sohu New Media Information Technology Co. Ltd",0.000102,0,0.000102
"Liberty Global Services",0.000102,0,0.000102
"Rapid7",0.000102,0,0.000102
"zooplus AG",0.000102,0.000102,0
"Zoover Media B.V.",0.000102,0.000102,0
"SupaDupa Me Limited",0.000102,0.000102,0
"The Hut.com Ltd.",0.000102,0.000102,0
"Fomo",0.000102,0.000102,0
"Namogoo",0.000102,0,0.000102
"Intent Media",0.000102,0,0.000102
"Typotheque",0.000102,0,0.000102
"CartWright II Sarl",0.000102,0.000102,0
"Kustomer, Inc.",0.000102,0.000102,0
"zhuhaiyingxunkejiyouxiangongsi",0.000102,0,0.000102
"Finam.ru LLC",0.000102,0.000102,0
